Order_ID,Order_Date,Region,Category,Product,Quantity,Unit_Price,Discount,Sales,Profit,Profit_Estimated
S0001,2026-01-27,North,Electronics,Smartphone,1,28000.0,0.05,26600.0,3137.36,False
S0002,2026-06-04,North,Electronics,Laptop,1,55000.0,0.05,52250.0,6246.61,False
S0003,2026-01-02,South,Electronics,Tablet,4,22000.0,0.2,70400.0,8961.39,False
S0004,2026-03-28,North,Accessories,Mouse,5,400.0,0.05,1900.0,461.18,False
S0005,2026-01-12,West,Electronics,Tablet,2,22000.0,0.1,39600.0,7232.28,False
S0006,2026-06-08,East,Electronics,Tablet,2,30000.0,0.1,54000.0,11933.93,False
S0007,2026-03-01,North,Electronics,Smartphone,1,22000.0,0.1,19800.0,4900.26,False
S0008,2026-04-01,<Na>,Accessories,Keyboard,8,1600.0,0.1,11520.0,1240.14,False
S0009,2026-03-11,South,Electronics,Smartphone,3,22000.0,0.05,62700.0,9943.23,False
S0010,2026-01-17,South,Electronics,Laptop,4,55000.0,0.1,198000.0,29343.21,False
S0011,2026-02-05,South,Electronics,Monitor,8,18000.0,0.15,122400.0,12764.87,False
S0012,2026-02-05,West,Electronics,Tablet,7,22000.0,0.05,146300.0,36508.49,False
S0013,2026-04-19,North,Electronics,Laptop,0,62000.0,0.05,117800.0,25286.18,False
S0014,2026-01-03,North,Electronics,Tablet,8,30000.0,0.1,216000.0,52938.0,False
S0015,2026-02-15,East,Accessories,Mouse,2,650.0,0.15,1105.0,118.11,False
S0016,2026-02-11,North,Electronics,Smartphone,5,22000.0,0.05,104500.0,15002.58,False
S0017,2026-03-20,South,Wearables,Smartwatch,1,5000.0,0.1,4500.0,1032.22,False
S0018,2026-05-17,South,Electronics,Monitor,2,9000.0,0.15,15300.0,3346.48,False
S0019,2026-04-19,South,Wearables,<NA>,3,8000.0,0.2,19200.0,4383.62,False
S0020,2026-05-13,West,Accessories,Keyboard,7,1600.0,0.1,10080.0,1557.13,False
S0021,2026-05-22,South,Electronics,Monitor,4,9000.0,0.1,32400.0,2707.86,False
S0022,2026-01-09,East,Electronics,Laptop,2,55000.0,0.05,104500.0,9557.37,False
S0023,2026-05-27,North,Electronics,Monitor,5,18000.0,0.05,85500.0,14677.77,False
S0024,2026-04-21,East,Wearables,Smartwatch,7,5000.0,0.0,35000.0,3376.74,False
S0025,2026-06-15,North,Electronics,Tablet,8,30000.0,0.0,240000.0,46673.27,False
S0026,2026-05-18,West,Electronics,Tablet,6,15000.0,0.05,85500.0,9624.76,False
S0027,2026-01-20,West,Electronics,Tablet,3,22000.0,0.15,56100.0,6870.4,False
S0028,2026-03-18,West,Electronics,Laptop,1,55000.0,0.05,52250.0,5657.26,False
S0029,2026-04-10,East,Electronics,Tablet,1,15000.0,0.15,12750.0,1024.67,False
S0030,2026-05-05,South,Accessories,Keyboard,0,1600.0,0.2,8960.0,1724.96,False
S0031,2026-01-16,East,Accessories,Keyboard,4,700.0,0.2,2240.0,459.37,False
S0032,2026-01-21,South,Electronics,Laptop,2,62000.0,0.0,496000.0,120692.88,False
S0033,2026-05-26,South,Electronics,Smartphone,4,35000.0,0.0,140000.0,33609.99,False
S0034,2026-03-22,South,Electronics,Smartphone,7,28000.0,0.1,176400.0,20237.32,False
S0035,2026-01-19,North,Electronics,Tablet,3,30000.0,0.1,81000.0,12775.98,False
S0036,2026-03-31,North,Electronics,Smartphone,2,22000.0,0.2,35200.0,4402.96,False
S0037,2026-06-30,East,Accessories,Mouse,3,400.0,0.15,1700.0,376.95,False
S0038,2026-01-28,South,Accessories,Keyboard,2,700.0,0.1,1260.0,125.52,False
S0039,2026-06-12,East,Accessories,Keyboard,4,1600.0,0.1,5760.0,660.16,False
S0040,2026-01-12,North,Accessories,Keyboard,1,700.0,0.15,99999.0,13653.019439919788,False
S0041,2026-04-20,North,Accessories,Headphones,5,1800.0,0.15,7650.0,1329.46,False
S0042,2026-02-07,West,Electronics,Smartphone,3,18000.0,0.1,48600.0,8700.69,False
S0043,2026-02-23,South,Electronics,Laptop,5,68000.0,0.0,340000.0,79157.84,False
S0044,2026-03-02,South,Accessories,Mouse,7,900.0,0.05,5985.0,1420.72,False
S0045,2026-04-16,South,Electronics,Tablet,1,15000.0,0.1,13500.0,2875.58,False
S0046,2026-02-26,South,Accessories,Headphones,2,3200.0,0.0,6400.0,1446.15,False
S0047,2026-02-19,West,Accessories,Mouse,5,400.0,0.05,1900.0,159.64,False
S0048,2026-04-13,East,Accessories,Keyboard,2,1100.0,0.1,1980.0,374.32,False
S0049,2026-03-09,West,Electronics,Smartphone,5,22000.0,0.2,88000.0,21439.51,False
S0050,2026-05-11,North,Electronics,Tablet,6,30000.0,0.1,162000.0,24978.29,False
S0051,2026-05-18,South,Electronics,Monitor,5,9000.0,0.15,38250.0,3071.0,False
S0052,2026-06-19,North,Electronics,Tablet,2,30000.0,0.1,54000.0,10040.57,False
S0053,2026-05-22,<Na>,Accessories,Keyboard,7,1100.0,0.15,6545.0,1299.35,False
S0054,2026-03-19,West,Electronics,Tablet,7,30000.0,0.05,199500.0,36835.19,False
S0055,2026-06-05,East,Accessories,Keyboard,5,-5000.0,0.15,2975.0,635.4,False
S0056,2026-02-13,North,Wearables,Smartwatch,8,12000.0,0.05,91200.0,15221.24,False
S0057,2026-02-20,South,Accessories,Mouse,2,400.0,0.1,720.0,85.1,False
S0058,2026-01-19,West,Electronics,Laptop,4,72000.0,0.2,,51714.53,False
S0059,2026-06-17,North,Electronics,Monitor,7,18000.0,0.15,107100.0,13010.22,False
S0060,2026-05-23,South,Electronics,Tablet,4,15000.0,0.2,48000.0,7630.73,False
S0061,2026-06-02,East,Wearables,Smartwatch,3,8000.0,0.2,19200.0,4760.48,False
S0062,2026-03-05,East,Electronics,Tablet,8,15000.0,0.15,102000.0,15964.21,False
S0063,2026-03-02,East,Electronics,Monitor,5,18000.0,0.0,90000.0,18117.24,False
S0064,2026-06-27,South,Accessories,Mouse,2,18000.0,0.05,760.0,90.68,False
S0065,2026-04-17,North,Electronics,Smartphone,7,35000.0,0.1,220500.0,37979.78,False
S0066,2026-05-28,West,Electronics,Tablet,7,30000.0,0.0,210000.0,47385.33,False
S0067,2026-04-18,South,Electronics,Laptop,6,68000.0,0.15,346800.0,78059.88,False
S0068,2026-03-28,West,Electronics,Monitor,5,18000.0,0.15,76500.0,6497.47,False
S0069,,North,Wearables,Smartwatch,3,12000.0,0.2,28800.0,2436.03,False
S0070,2026-04-08,East,Electronics,Tablet,3,22000.0,0.05,62700.0,5551.98,False
S0071,2026-04-18,East,Wearables,Smartwatch,6,8000.0,0.15,40800.0,5193.99,False
S0072,2026-03-31,South,Wearables,laptop,1,12000.0,0.2,9600.0,853.0,False
S0073,2026-06-09,South,Electronics,Laptop,1,62000.0,0.05,58900.0,13115.2,False
S0074,2026-04-30,East,Accessories,Headphones,8,1200.0,0.2,7680.0,1048.5623786096257,False
S0075,2026-01-07,East,Accessories,Headphones,2,1800.0,0.1,3240.0,318.74,False
S0076,2026-06-10,South,Electronics,Tablet,4,15000.0,0.2,48000.0,9475.41,False
S0077,2026-04-20,East,Accessories,Keyboard,2,1600.0,1.25,3200.0,444.88,False
S0078,2026-04-03,West,Accessories,Mouse,1,650.0,0.15,552.5,54.11,False
S0079,2026-03-11,West,Electronics,Tablet,3,30000.0,0.2,72000.0,17577.4,False
S0080,2026-01-23,East,Electronics,Tablet,5,22000.0,0.05,104500.0,23117.94,False
S0081,2026-03-25,South,Electronics,Monitor,8,18000.0,0.1,129600.0,11000.32,False
S0082,2026-06-02,East,Electronics,Monitor,6,15000.0,0.1,81000.0,10330.9,False
S0083,2026-03-03,West,Electronics,Monitor,2,12000.0,0.15,24500.0,3326.39,False
S0084,2026-06-27,South,Wearables,Smartwatch,1,5000.0,0.1,4500.0,529.52,False
S0085,2026-05-21,East,Accessories,Mouse,8,900.0,0.2,5760.0,786.4217839572193,False
S0086,2026-02-19,East,Wearables,Smartwatch,5,8000.0,0.1,36000.0,4290.89,False
S0087,2026-05-31,East,Accessories,Headphones,4,1800.0,0.15,6120.0,777.27,False
S0088,2026-01-04,South,Electronics,Monitor,5,12000.0,0.1,54000.0,5967.27,False
S0089,,North,Electronics,Laptop,1,68000.0,0.05,64600.0,12173.08,False
S0090,2026-01-14,East,Accessories,Keyboard,8,1100.0,0.15,7480.0,1031.64,False
S0091,2026-06-11,North,Electronics,Smartphone,2,35000.0,0.15,59500.0,5509.34,False
S0092,2026-04-17,South,Accessories,Headphones,5,1200.0,0.05,5700.0,570.78,False
S0093,2026-03-20,North,Wearables,Smartwatch,8,8000.0,0.2,51200.0,12713.23,False
S0094,2026-02-14,North,Electronics,Monitor,4,15000.0,0.0,60000.0,6401.98,False
S0095,2026-01-09,South,Electronics,Laptop,7,72000.0,0.2,403200.0,64465.68,False
S0096,2026-06-10,South,Accessories,Keyboard,8,700.0,0.05,5320.0,1261.19,False
S0097,2026-01-19,North,Electronics,Smartphone,4,22000.0,0.1,79200.0,3200.5,False
S0098,2026-03-19,West,Accessories,Keyboard,5,1100.0,0.0,5500.0,878.23,False
S0099,2026-04-21,East,Wearables,<NA>,8,5000.0,0.2,32000.0,2776.84,False
S0100,2026-01-06,East,Electronics,Laptop,2,62000.0,0.2,99200.0,17837.24,False
S0101,2026-05-30,West,Accessories,Headphones,8,3200.0,0.1,23040.0,2554.06,False
S0102,2026-06-21,North,Electronics,Smartphone,8,28000.0,0.15,190400.0,26020.53,False
S0103,2026-04-13,North,Accessories,Mouse,7,900.0,0.15,5355.0,690.78,False
S0104,2026-04-14,North,Electronics,Smartphone,6,28000.0,0.1,151200.0,15075.65,False
S0105,2026-05-08,West,Electronics,Tablet,1,15000.0,0.2,12000.0,1698.03,False
S0106,,West,Electronics,Monitor,5,12000.0,0.1,54000.0,8341.91,False
S0107,2026-05-22,West,Electronics,Laptop,4,62000.0,0.1,223200.0,38757.04,False
S0108,2026-02-09,West,Electronics,Monitor,2,18000.0,0.0,36000.0,6843.98,False
S0109,2026-05-22,South,Accessories,Keyboard,7,1100.0,0.15,6545.0,794.79,False
S0110,2026-04-17,East,Electronics,Monitor,3,9000.0,0.1,24300.0,5135.92,False
S0111,2026-06-18,West,Electronics,Laptop,5,68000.0,0.2,-15000.0,-2365.922222222222,True
S0112,2026-05-20,West,Wearables,Smartwatch,8,8000.0,0.1,57600.0,10012.38,False
S0113,2026-03-01,West,Accessories,Mouse,4,900.0,0.05,500.0,68.26577985739752,False
S0114,2026-06-19,South,Accessories,Mouse,8,900.0,0.15,6120.0,891.28,False
S0115,2026-04-23,North,Electronics,Laptop,3,68000.0,0.0,204000.0,46636.92,False
S0117,2026-05-05,North,Electronics,Smartphone,6,35000.0,0.1,189000.0,29810.62,False
S0118,2026-01-26,North,Electronics,Monitor,5,12000.0,0.0,60000.0,9226.51,False
S0119,2026-01-15,East,Accessories,Headphones,5,1200.0,0.0,6000.0,810.86,False
