Order_ID,Order_Date,Region,Product,Category,Quantity,Unit_Price,Discount,Sales,Profit,Salesperson
S0001,27-01-2026,North,Smartphone,Electronics,1,28000,0.05,26600,3137.36,Vijay
S0002,04-06-2026,North,Laptop,Electronics,1,55000,0.05,52250,6246.61,Divya
S0003,02-01-2026,South,Tablet,Electronics,4,22000,0.2,70400,8961.39,Vijay
S0004,28-03-2026,North,Mouse,Accessories,5,400,0.05,1900,461.18,Priya
S0005,12-01-2026,West,Tablet,Electronics,2,22000,0.1,39600,7232.28,Priya
S0006,08-06-2026,East,Tablet,Electronics,2,30000,0.1,54000,11933.93,Divya
S0007,01-03-2026,North,Smartphone,Electronics,1,22000,0.1,19800,4900.26,Vijay
S0008,01-04-2026,,Keyboard,Accessories,8,1600,0.1,11520,1240.14,Rahul
S0009,11-03-2026,South,Smartphone,Electronics,3,22000,0.05,62700,9943.23,Sneha
S0010,17-01-2026, south ,Laptop,Electronics,4,55000,0.1,198000,29343.21,Sneha
S0011,05-02-2026,South,Monitor,Electronics,8,18000,0.15,122400,12764.87,Rahul
S0012,05-02-2026,West,Tablet,Electronics,7,22000,0.05,146300,36508.49,Priya
S0013,19-04-2026,North,Laptop,Electronics,five,62000,0.05,117800,25286.18,Vijay
S0014,03-01-2026,North,Tablet,Electronics,8,30000,0.1,216000,52938,Rahul
S0015,15-02-2026,East,Mouse,Accessories,2,650,0.15,1105,118.11,Karthik
S0016,11-02-2026,North,Smartphone,Electronics,5,22000,0.05,104500,15002.58,Sneha
S0017,20-03-2026,South,Smartwatch,Wearables,1,5000,0.1,4500,1032.22,Arun
S0018,17-05-2026,South,Monitor,Electronics,2,9000,0.15,15300,3346.48,Karthik
S0019,19-04-2026,South,,Wearables,3,8000,0.2,19200,4383.62,Divya
S0020,13-05-2026,West,Keyboard,Accessories,7,1600,0.1,10080,1557.13,Priya
S0021,22-05-2026,South,Monitor,Electronics,4,9000,0.1,32400,2707.86,Divya
S0022,09-01-2026,East,Laptop,Electronics,2,55000,0.05,104500,9557.37,Priya
S0023,27-05-2026,NORTH,Monitor,Electronics,5,18000,0.05,85500,14677.77,Divya
S0024,21-04-2026,East,Smartwatch,Wearables,7,5000,0,35000,3376.74,Vijay
S0025,15-06-2026,North,Tablet,Electronics,8,30000,0,240000,46673.27,Arun
S0026,18-05-2026,West,Tablet,Electronics,6,15000,0.05,85500,9624.76,Karthik
S0027,20-01-2026,West,Tablet,Electronics,3,22000,0.15,56100,6870.4,Priya
S0028,18-03-2026,West,Laptop,Electronics,1,55000,0.05,52250,5657.26,Divya
S0029,10-04-2026,East,Tablet,Electronics,1,15000,0.15,12750,1024.67,Meena
S0030,05-05-2026,South,Keyboard,Accessories,,1600,0.2,8960,1724.96,Divya
S0031,16-01-2026,East,Keyboard,Accessories,4,700,0.2,2240,459.37,Arun
S0032,21-01-2026,South,Laptop,Electronics,-2,62000,0,496000,120692.88,Priya
S0033,26-05-2026,South,Smartphone,Electronics,4,35000,0,140000,33609.99,Arun
S0034,22-03-2026,South,Smartphone,Electronics,7,28000,0.1,176400,20237.32,Rahul
S0035,19-01-2026,North,Tablet,Electronics,3,30000,0.1,81000,12775.98,Meena
S0036,31-03-2026,North,Smartphone,Electronics,2,22000,0.2,35200,4402.96,Divya
S0037,30-06-2026,East,Mouse,Accessories,3 units,400,0.15,1700,376.95,Arun
S0038,28-01-2026,South,Keyboard,Accessories,2,700,0.1,1260,125.52,Rahul
S0039,12-06-2026,East,Keyboard,Accessories,4,1600,0.1,5760,660.16,Meena
S0040,12-01-2026,North,Keyboard,Accessories,1,700,0.15,99999,131.49,Sneha
S0041,20-04-2026,North,Headphones,Accessories,5,1800,0.15,7650,1329.46,Priya
S0042,07-02-2026,West,Smartphone,Electronics,3,18000,0.1,48600,8700.69,Karthik
S0043,23-02-2026,South,Laptop,Electronics,5,68000,0,340000,79157.84,Priya
S0044,02-03-2026,South,Mouse,Accessories,7,900,0.05,5985,1420.72,Karthik
S0045,16-04-2026,South,Tablet,Electronics,1,,0.1,13500,2875.58,Rahul
S0046,26-02-2026,South,Headphones,Accessories,2,3200,0,6400,1446.15,Meena
S0047,19-02-2026,West,Mouse,Accessories,5,400,0.05,1900,159.64,Sneha
S0048,13-04-2026,East,Keyboard,Accessories,2,1100,0.1,1980,374.32,Arun
S0049,09-03-2026,west,Smartphone,Electronics,5,22000,0.2,88000,21439.51,Priya
S0050,11-05-2026,North,Tablet,Electronics,6,30000,0.1,162000,24978.29,Vijay
S0051,18-05-2026,South,Monitor,Electronics,5,9000,0.15,38250,3071,Sneha
S0052,19-06-2026,North,Tablet,Electronics,2,30000,0.1,54000,10040.57,Rahul
S0053,22-05-2026,,Keyboard,Accessories,7,1100,0.15,6545,1299.35,Divya
S0054,19-03-2026,West,Tablet,Electronics,7,30000,0.05,199500,36835.19,Arun
S0055,05-06-2026,East,Keyboard,Accessories,5,-5000,0.15,2975,635.4,Meena
S0056,13-02-2026,North,Smartwatch,Wearables,8,12000,0.05,91200,15221.24,Rahul
S0057,20-02-2026,South,Mouse,Accessories,2,400,0.1,720,85.1,Arun
S0058,19-01-2026,West,Laptop,Electronics,4,72000,0.2,,51714.53,Vijay
S0059,17-06-2026,North,Monitor,Electronics,7,18000,0.15,107100,13010.22,Priya
S0060,23-05-2026,South,Tablet,Electronics,4,15000,0.2,48000,7630.73,Priya
S0061,02-06-2026,East,Smartwatch,Wearables,3,8000,0.2,19200,4760.48,Meena
S0062,05-03-2026,East,Tablet,Electronics,8,15000,0.15,102000,15964.21,Meena
S0063,02-03-2026,East,Monitor,Electronics,5,18000,0,90000,18117.24,Sneha
S0064,27-06-2026,South,Mouse,Accessories,2,18000 INR,0.05,760,90.68,Divya
S0065,17-04-2026,North,Smartphone,Electronics,7,35000,0.1,220500,37979.78,Divya
S0066,28-05-2026,West,Tablet,Electronics,7,30000,0,210000,47385.33,Meena
S0067,18-04-2026,South,Laptop,Electronics,6,68000,0.15,346800,78059.88,Meena
S0068,28-03-2026,West,Monitor,Electronics,5,18000,0.15,76500,6497.47,Karthik
S0069,"April 12, 2026",North,Smartwatch,Wearables,3,12000,0.2,28800,2436.03,Priya
S0070,08-04-2026,East,Tablet,Electronics,3,22000,0.05,62700,5551.98,Divya
S0071,18-04-2026,East,Smartwatch,Wearables,6,8000,0.15,40800,5193.99,Priya
S0072,31-03-2026,South, laptop ,Wearables,1,12000,0.2,9600,853,Priya
S0073,09-06-2026,South,Laptop,Electronics,1,62000,0.05,58900,13115.2,Divya
S0074,30-04-2026,East,Headphones,Accessories,8,1200,0.2,7680,,Sneha
S0075,07-01-2026,East,Headphones,Accessories,2,1800,0.1,3240,318.74,Vijay
S0076,10-06-2026,South,Tablet,Electronics,4,15000,0.2,48000,9475.41,Priya
S0077,20-04-2026,East,Keyboard,Accessories,2,1600,1.25,3200,444.88,Priya
S0078,03-04-2026,West,Mouse,Accessories,1,650,0.15,552.5,54.11,Karthik
S0079,11-03-2026,West,Tablet,Electronics,3,30000,0.2,72000,17577.4,Meena
S0080,23-01-2026,East,Tablet,electronics,5,22000,0.05,104500,23117.94,Meena
S0081,25-03-2026,South,Monitor,Electronics,8,18000,0.1,129600,11000.32,Meena
S0082,02-06-2026,East,Monitor,Electronics,6,15000,0.1,81000,10330.9,Arun
S0083,03-03-2026,West,Monitor,Electronics,2,12000,0.15,24500,3326.39,Meena
S0084,27-06-2026,South,Smartwatch,Wearables,1,5000,0.1,4500,529.52,Rahul
S0085,21-05-2026,East,Mouse,Accessories,8,900,0.2,5760,100,Sneha
S0086,19-02-2026,East,Smartwatch,Wearables,5,8000,0.1,36000,4290.89,Priya
S0087,31-05-2026,East,Headphones,Accessories,4,1800,0.15,6120,777.27,Priya
S0088,04-01-2026,South,Monitor,Electronics,5,12000,0.1,54000,5967.27,Rahul
S0089,not available,North,Laptop,Electronics,1,68000,0.05,64600,12173.08,Arun
S0090,14-01-2026,East,Keyboard,Accessories,8,1100,0.15,7480,1031.64,Meena
S0091,11-06-2026,North,Smartphone,Electronics,2,35000,0.15,59500,5509.34,Karthik
S0092,17-04-2026,South,Headphones,Accessories,5,1200,0.05,5700,570.78,
S0093,20-03-2026,North,Smartwatch,Wearables,8,8000,0.2,51200,12713.23,Priya
S0094,14-02-2026,North,Monitor,Electronics,4,15000,0,60000,6401.98,Karthik
S0095,09-01-2026,South,Laptop,Electronics,7,72000,0.2,403200,64465.68,Rahul
S0096,10-06-2026,South,Keyboard,Accessories,8,700,0.05,5320,1261.19,Vijay
S0097,19-01-2026,North,Smartphone,Electronics,4,22000,0.1,79200,3200.5,Karthik
S0098,19-03-2026,West,Keyboard,Accessories,5,1100,0,5500,878.23,Rahul
S0099,21-04-2026,East,   ,Wearables,8,5000,0.2,32000,2776.84,Rahul
S0100,06-01-2026,East,Laptop,Electronics,2,62000,0.2,99200,17837.24,Arun
S0101,30-05-2026,West,Headphones,Accessories,8,3200,0.1,23040,2554.06,Meena
S0102,21-06-2026,North,Smartphone,Electronics,8,28000,0.15,190400,26020.53, priya 
S0103,13-04-2026,North,Mouse,Accessories,7,900,0.15,5355,690.78,Meena
S0104,14-04-2026,North,Smartphone,Electronics,6,28000,0.1,151200,15075.65,Meena
S0105,08-05-2026,West,Tablet,Electronics,1,15000,0.2,12000,1698.03,Arun
S0106,,West,Monitor,Electronics,5,12000,0.1,54000,8341.91,Priya
S0107,22-05-2026,West,Laptop,Electronics,4,62000,0.1,223200,38757.04,Priya
S0108,09-02-2026,West,Monitor,Electronics,2,18000,0,36000,6843.98,Rahul
S0109,22-05-2026,South,Keyboard,Accessories,7,1100,0.15,6545,794.79,
S0110,17-04-2026,East,Monitor,Electronics,3,9000,0.1,24300,5135.92,Rahul
S0111,18-06-2026,West,Laptop,Electronics,5,68000,0.2,-15000,48575.66,Karthik
S0112,20-05-2026,West,Smartwatch,Wearables,8,8000,0.1,57600,10012.38,Meena
S0113,01-03-2026,West,Mouse,Accessories,4,900,0.05,500,606.04,Arun
S0114,19-06-2026,South,Mouse,Accessories,8,900,0.15,6120,891.28,Meena
S0115,23-04-2026,North,Laptop,Electronics,3,68000,0,204000,46636.92,Meena
S0021,22-05-2026,South,Monitor,Electronics,4,9000,0.1,32400,2707.86,Divya
S0117,05-05-2026,North,Smartphone,Electronics,6,35000,0.1,189000,-3000,Priya
S0118,26-01-2026,North,Monitor,Electronics,5,12000,0,60000,9226.51,Meena
S0119,15-01-2026,East,Headphones,Accessories,5,1200,0,6000,810.86,Sneha
S0046,26-02-2026,South,Headphones,Accessories,2,3200,0,6400,1446.15,Meena
